app_id,app_name,app_desc,,n_stores
735,AddShoppers Social Analytics Platform,"With AddShoppers social analytics layer, you‰Ûªll have access to SKU-level social insights and social commerce apps that increase sharing, track ROI, and more. ",Blank,0
777,Spring Metrics,"Spring Metrics shows you which marketing channels deliver buyers and which ones just cost you money ‰ÛÒ simply, clearly, and in real time. You‰Ûªll know how to increase sales and grow your business. ",Blank,0
783,SurveyMonkey,"SurveyMonkey is used create and publish online surveys in minutes, and view results graphically and in real time.",Blank,0
766,Optimizely,Optimizely is an A/B split testing tool focused on finding the most effective way to increase revenuse and conversions on your website.,Blank,0
737,T-HUB Desktop from Atandra,"QuickBooks integrated order manager for BigCommerce. Print packing list, shipping labels and sync Inventory.",Blank,0
736,AmberPOS - Point of Sale Application,"AmberPOS is a Point of Sale software application for retail stores with features that allow store owners to manage inventory, customers and perform advanced reporting functions ",Blank,0
793,Retargeting by Yahoo,Only 2% of your visitors will end up buying on their first visit to your online store. Recover the other 98% with our Retargeting app. Reach lost prospects who have left your site and recover lost ...,Blank,0
845,EdaptIT Multi Channel Sales Software,"Power your business with our Total Commerce Dashboard. Easily manage all activity for your enterprise: Seamless, Intelligent, Labor-Saving.",Blank,0
760,Live Web Insights by Yahoo,"Live Web Insights is a free real-time visitor tracking tool that lets you see who is in your store at any given moment, what pages they are viewing, which products they are putting in the shopping ...",Blank,0
831,Sage Integration (by Tradebox),"Tradebox integrates Bigcommerce with Sage Instant or Sage 50 Accounts, creating invoices and customers in Sage, with the option of uploading stock levels back to Bigcommerce inventory.",Blank,0
778,Spring Metrics Smart Offers,Smart Offers from Spring Metrics lets you create targeted real-time incentives for the customers you most want to incentivize.\nFree 14 day trial!,Blank,0
748,FetchApp,"FetchApp is the easiest way to sell digital goods such as music, videos, photos, e-books, PDF‰Ûªs, or software from any store, website, blog, or social network.",Blank,0
859,Bing Shopping by Yahoo,Instantly increase product and store visibility by advertising your products through Bing Product Listing Ads. Bing PLAs provide ecommerce merchants a new way to marketing their products on Bing an...,Blank,0
866,ChannelAdvisor,Join thousands of retailers worldwide and connect to online channels of demand with the industry leading e-commerce platform.,Blank,0
747,Unify Enterprise Edition by Webgility,"Simplify and succeed with Unify Enterprise Edition. One place to manage all of your online orders, inventory and accounting.",Blank,0
792,Product Feeds by Yahoo,"Get all your products automatically listed in shopping feeds on TheFind, Shopping.com (Bing), Shopzilla.com, PriceGrabber, Nextag and Amazon.",Blank,0
808,SearchSpring Express,Relevant search &amp; autocomplete - Visual merchandising - Robust faceted search,Blank,0
822,Facebook Ads by Yahoo,"Facebook Ads by Yahoo helps you to bring back your store‰Ûªs previous visitors through paid ad campaigns on Facebook. Automatically refresh your campaigns to keep them compelling, recover lost prospe...",Blank,0
802,The Cart Closer,The Cart Closer displays a customizable offer to the shopper as they are exiting the cart to incentivize them to stay and complete a sale.,Blank,0
791,Live Sales by Yahoo,"With Live Sales, you can receive texts on your phone and/or email updates when a visitor of interest is browsing your store. You can initiate chats with these visitors right from your computer or m...",Blank,0
796,Google Shopping by Yahoo,Instantly increase product and store visibility by advertising your products with Google Shopping Product listing Ads.,Blank,0
62,Olark Live Chat,Olark Live Chat makes it easy to increase your sales using the power of live chat. ,Blank,0
7907,Datatown - BigCommerce to Campaigner Integration,"Datatown moves Customer, Order and Product data from BigCommerce to Campaigner.com, automatically.",https://s3.amazonaws.com/integrated-apps/whvgyluc/odzkxfig.png,0
773,Shipworks,"ShipWorks helps you ship more in less time, and makes shipping painless.",Blank,0
779,Spring Metrics Twitter Offers,"With Twitter Offers, you can give your customers coupon codes or other rewards after they have successfully tweeted about your store to their followers.",Blank,0
803,Daily Deal Bar,"The Daily Deal Bar displays your promotions at the top of every page of your website. Promotions may be scheduled days, weeks, or months in advance.",Blank,0
801,Time 2 Buy,"Time2Buy is patent-pending technology that monitors the browsing behavior of shoppers on your site and displays time-sensitive offers, incentivizing them to buy now.",Blank,0
771,Shipwire,Shipwire's warehousing &amp; order fulfillment service syncs with your BigCommerce store via Shipiro!,Blank,0
66,HubLogix - Scale Smarter,"Hublogix (formerly eCommHub) is a backend automation platform that cuts costs, drives profit and helps you scale smart.",Blank,1
59,SoftCookies,"Import orders in QuickBooks as Sales Orders, Purchase Orders, Invoices, Receive Payments, Sales Receipts or Credit Memos without duplicates",Blank,1
6131,LIVEb4buy,@LIVEb4buy enables #InstoreShopping experience on#AnyDevice by setting up 360å¡ #immersive#interactiveshopping for #timeconstrained #Shoppers,https://s3.amazonaws.com/integrated-apps/hgazmfql/krzlhgtv.png,2
7967,Digital Content Sales,"Sell DRM protected digital content like Video, Audio, PDF, ePub, HTML for Windows, MacOS, iOS, Android, Kindle, ChromeOS, SmartTV and more.",https://s3.amazonaws.com/integrated-apps/pxjlrqag/ayeckbru.png,2
6538,Slemma,"Acquire, convert and retain more customers by converting your BigCommerce data into actionable dashboards and reports.",https://s3.amazonaws.com/integrated-apps/pfvjxyzm/smztblvg.png,2
151,Sales and Orders Ads,Structure product ads in the most cost-effective manner. Gain a comprehensive understanding of profit and loss for each product. Make the necessary adjustments to your campaigns.,Blank,2
6633,MobCart- eCommerce Mobile App,MobCart is an iPhone/Android Mobile App developed exclusively for eCommerce online merchants. Turn your BigCommerce store into a mobile app.,https://s3.amazonaws.com/integrated-apps/ovwqtraz/gvuqnbip.jpg,3
7269,Goodvidio Integration,Increase sales on your BigCommerce store using product videos from social media.,https://s3.amazonaws.com/integrated-apps/quywrvsx/zlfqciea.png,3
7749,Simplypost,Generate your shipping documentation with Simplypost in just few clicks!,https://s3.amazonaws.com/integrated-apps/tbcafsho/wfpaorqt.png,3
6496,Drop A Hint Premium Send A Wish App,Enable Your Visitors To Capture Their Wishes and Send Them in a Stylish E-Greeting Cards via e-mail,https://s3.amazonaws.com/integrated-apps/lfsgmqvn/avzhtbrd.png,3
6618,BigCommerce NetSuite Connector,Integrates BigCommerce and NetSuite seamlessly. Automatic syncing of sales order and customer accounts along with catalogue listing.,https://s3.amazonaws.com/integrated-apps/ngtcoiqz/clhwmfqk.png,4
3371,Greyferret,GreyFerret empowers the marketer to enhance marketing campaign effectiveness using advanced analytics based real time customer segmentation.,https://s3.amazonaws.com/integrated-apps/wrylghdj/wdvfgaek.png,4
7447,SalesWarp Advantage,SalesWarp is a distributed order management software designed for retailers at every stage of growth.,https://s3.amazonaws.com/integrated-apps/pbdstrun/otjgduzl.png,4
1650,Ecomdash,"Make multichannel selling easy! Manage inventory, orders, multiple suppliers, drop ship, and list from one dashboard.",https://s3.amazonaws.com/integrated-apps/dsclofwq/cwvybzpf.gif,4
6123,Mailbot,"Best email marketing app to upsell, prevent exit intent, cart abandonment and retain customers. Boost sales by sending personalized emails",https://s3.amazonaws.com/integrated-apps/oyfzscgd/iwpvbahn.png,4
4391,Gratisfaction,"All in one platform. Boost leads, purchases, loyalty, referrals &amp; social media engagement. Many exciting ways to reward participants.",https://s3.amazonaws.com/integrated-apps/muxdayev/auspxrni.png,4
7655,Impact Radius,The Impact Radius app serves as an integration tool for Impact Radius advertiser accounts.,https://s3.amazonaws.com/integrated-apps/xlfhsyoq/yjpkazms.png,5
7349,Omnipro,"Sell on eBay: Omnipro List your products, keep inventory synced and receive orders back to BigCommerce. Used by over 1000 retailers.",https://s3.amazonaws.com/integrated-apps/iqhbdouw/kymgthzn.png,6
8326,PairedNote,Sync your products with PairedNote.,https://s3.amazonaws.com/integrated-apps/ulvtycqp/vesyhxkl.jpg,6
7537,Eye4fraud.com,"Eye4Fraud screens, verifies and guarantees your online orders so you can sell and ship with confidence.",https://s3.amazonaws.com/integrated-apps/svomlnch/dvuheyap.png,7
7525,Veratad Age Verification for BigCommerce,"Veratad Age Verification for BigCommerce\n\nIndustry Leading Age Verification Solution, get compliant in minutes with our easy setup.",https://s3.amazonaws.com/integrated-apps/avlbhzmc/eyszgojl.png,7
2289,Datapak Services Fulfillment,"Automatically sends your BigCommerce orders to us for fulfillment, and updates your store with tracking codes when the order has shipped",https://s3.amazonaws.com/integrated-apps/jcitnayv/jqsemruw.png,7
7416,Simple Stock and Order Management,"No surprises, no catches. Just cost effective eCommerce management that saves you time and effort.",https://s3.amazonaws.com/integrated-apps/loknrdje/exuplszo.png,7
4492,Referral Marketing Software - InviteReferrals,InviteReferrals: Simplest Referral Marketing Software to design & launch Customer Referral Campaigns within minutes to reach new customers,https://s3.amazonaws.com/integrated-apps/smuaobjw/btqyapko.png,8
7327,AquaAPI - BigCommerce Cloud Connector,"Connect BigCommerce with Salesforce, Zoho CRM or Zoho Inventory. Automatically transfers Products, Orders and Account related details.",https://s3.amazonaws.com/integrated-apps/hjwmonzu/xywgjemt.jpg,8
2383,Cybertill Integration By Patchworks,Integrate Bigcommerce with Cybertill for automatic sync of customer orders and a unified stock level. Patchworks saves you time and money.,https://s3.amazonaws.com/integrated-apps/kgupmxqc/fhqbxcet.png,8
6529,My Mobile App,Quickly and Easily transform your site into an app for iPhone + Android in 3 easy steps.,https://s3.amazonaws.com/integrated-apps/oytlqcje/bwejftxa.png,8
6871,Google Shopping Audit,"With the Google Shopping Audit, benchmark your product feed and Adwords campaigns and optimize your Google Shopping Campaigns!",Blank,9
6124,Personalized Recommendations,Suggest right products to right customer with 4 types of product recommendation. Tailor recommendation to each unique visitor to boost sales,https://s3.amazonaws.com/integrated-apps/osfmqjiu/oiutywjg.png,9
7120,See What You Send,The See What You Send app allows BigCommerce users to integrate our visual customer review system into your site.,https://s3.amazonaws.com/integrated-apps/seokhjqa/dxzbsqpc.jpg,9
6049,Feedvisor,Reprice algorithmically on Amazon and synch prices with your BigCommerce store to stay consistent with the market,https://s3.amazonaws.com/integrated-apps/ylczqpxr/wymbizdg.png,9
5030,Responslider,Reach users on any device with responsive carousel slides. Add a device optimized slider that improves page speed & serves the perfect image,https://s3.amazonaws.com/integrated-apps/abhvrzyn/aslhijzt.png,10
5871,"SiteJabber Free Store Reviews, Traffic & Leads",Use SiteJabber to collect reviews for your store and use them to get more traffic and leads from Google search.,https://s3.amazonaws.com/integrated-apps/slprtfqa/pcbumasj.png,10
6570,Ship-Right Solutions,Ship-Right is your partner in e-commerce drop shipping / order fulfillment and customer service‰ÛÜ!,https://s3.amazonaws.com/integrated-apps/vutrsynx/pdwuvhjn.png,11
6015,GETOnline,Generate your shipping documentation with GetOnline in just few clicks!,https://s3.amazonaws.com/integrated-apps/ifepjuxv/ecgywjpo.png,11
6122,Checkout Boost,"Prevent cart abandonment, increase sales &amp; boost social traffic by asking customers to share your products for discount/ free ship/free gift",https://s3.amazonaws.com/integrated-apps/fycdwpgk/ivrbpwth.png,11
5337,SalesWarp BC,SalesWarp is a distributed order management software designed for retailers at every stage of growth.,https://s3.amazonaws.com/integrated-apps/rlpbaktc/odarzice.png,11
4526,Automatic Marketing with UMarket,Automatically reward your customers for purchasing and engaging with your store. Set-it-and-forget-it marketing at it's best. Free to start.,https://s3.amazonaws.com/integrated-apps/hegtjibl/hoxyzdwa.png,12
7935,Maker,"Maker is a SaaS content marketing platform, that helps brands and retailers sell more with rich brand and product stories.",https://s3.amazonaws.com/integrated-apps/mbzacfre/jkdipgvf.png,12
7072,Indigo8 Solutions,"Integrate your existing or brand new BigCommerce website with Indigo8 Solutions. Synch all of your styles, inventory &amp; sales instantly.",https://s3.amazonaws.com/integrated-apps/cyhbnfme/csukxrzg.jpg,12
6095,Koongo - Feed and Affiliate Marketing App,Koongo is Feed and Affiliate Marketing Tool that allows to connect your e-store to 500+ affiliate networks and selling channels.,https://s3.amazonaws.com/integrated-apps/mwonupra/iuheqxtm.png,12
5679,Choice AI,Enterprise level sales automation and personalization for every online store.,https://s3.amazonaws.com/integrated-apps/qzewsuhv/vtmpfocs.png,12
7674,Scratch and Win,"Display a scratch card on website, Facebook page &amp; mobile. Visitors scratch this card for a chance to win. A fun way to boost leads &amp; fans.",https://s3.amazonaws.com/integrated-apps/xtlfevad/wskytblx.png,12
4126,eBridge Connections Accounting Integration,"Connect your Bigcommerce store to your accounting/ERP system and integrate orders, inventory, product data, and more",https://s3.amazonaws.com/integrated-apps/rdpqxsic/guhljsnb.jpg,13
6125,Happy Email,"Send a thank-you email from YOU to new customers automatically, 30 minutes after they make the first order, or signup for an account.",https://s3.amazonaws.com/integrated-apps/rtynzmlc/qimwdtza.png,13
7479,One Page Checkout by IntuitSolutions,"True BigCommerce One Page Checkout: More Checkout Conversions, Less Abandonment!",https://s3.amazonaws.com/integrated-apps/rxptzuoa/ldtwoivp.png,13
4752,Store Pickup + Delivery,This app allows your customers to pickup their orders from your brick and mortar store(s).,https://s3.amazonaws.com/integrated-apps/wnyhfvml/rlajchke.png,13
6563,Firecart - Marketing Automation for BigCommerce,"Track Website Visitors, Create & Automate Marketing Activities (Email/SMS, Abandoned Cart, Referral Campaigns, etc.) & Grow your Business.",https://s3.amazonaws.com/integrated-apps/bjxeigyd/nkmhjpgb.png,14
4250,Unlock an Offer,Prepurchase opportunity for a site visitor to submit their email address to you and display a coupon code upon doing so.,https://s3.amazonaws.com/integrated-apps/dkixamoq/kojeuxyz.jpg,14
2769,ExportFeed,The app exports your current BigCommerce products into data feeds. It also includes some great options to create your own customized feed‰ÛÜs!,https://s3.amazonaws.com/integrated-apps/fxvojwyd/pgciunob.png,14
8355,Automated Recurring Billing & Credit Card Vaulting By MINIBC,"Don't leave BigCommerce when customers checkout. Better Conversions, Better user experience. Includes Credit Card Vaulting!!! www.minibc.com",https://s3.amazonaws.com/integrated-apps/phujyfnz/naovsikb.jpg,15
6115,Boost Sales,Upsell &amp; Cross sell to recommend higher-valued items or product bundles to customers. Motivate purchase with discount &amp; upsell on cart page.,https://s3.amazonaws.com/integrated-apps/rqskmzto/khxmecbf.png,15
3396,Helpjuice,Deliver Instant Support To Your Customers With Our Search-powerful Knowledge Base Platform. NOW INCLUDING SEARCH ANALYTICS AND CUSTOMIZATION,https://s3.amazonaws.com/integrated-apps/jehxtiqp/fnvxodlh.png,15
7480,Walmart Marketplace Integration,The Walmart Marketplace Integration App is a complete solution that integrates your online store with walmart.,https://s3.amazonaws.com/integrated-apps/sglczonk/aqfibcnj.png,16
4888,AskNicely,AskNicely helps businesses measure and improve customer happiness.,https://s3.amazonaws.com/integrated-apps/jwrzfxpq/divefwcg.png,16
8103,Outfy - Social Media Promotion,Best way to increase your social reach by promoting your products to 10+ top Social Networks. Boost Traffic and Sales,https://s3.amazonaws.com/integrated-apps/ydwuzqpk/zsgalquc.png,16
8116,ReadyCloud CRM,"Open something new. ReadyCloud CRM opens your ecommerce world, integrating cross-channel order data to contacts, calendar, notes and more!",https://s3.amazonaws.com/integrated-apps/ynjmchvp/ofkxgypd.png,17
3944,WaveReview,"Enhance your online reputation by increasing positive reviews, improving your search ranking and helping to boost sales.",https://s3.amazonaws.com/integrated-apps/doixjbcf/spzmvtew.jpg,17
1868,MineWhat Analytics,"MineWhat is a merchandise intelligence tool, that gives out actionable insights on every SKU in your online store.",https://s3.amazonaws.com/integrated-apps/jclzgavq/igphlbqd.png,17
6346,Kevy,Kevy is an Email Marketing Automation tool that helps online retailers personalize the online shopping experience.,https://s3.amazonaws.com/integrated-apps/qkiugjzv/ozflqymd.png,17
6893,Facebook Live Chat,Support your customers via Facebook Live Chat conveniently from your own website. 10+ more popular marketing tools also included.,https://s3.amazonaws.com/integrated-apps/nwbkxrev/vcdoxnwk.png,17
4972,Offers for BigCommerce,Drive sales with targeted offer-based promotions or automate with set & forget trigger based offers that reach your customers when it counts,https://s3.amazonaws.com/integrated-apps/iksmzrwy/akqvjzhi.png,17
5086,Trackingmore,,https://s3.amazonaws.com/integrated-apps/hpzuknsc/ntcxwuar.png,18
6631,Free Call,Wanna increase conversion rate? Best free app that bring customer satisfaction &amp; boost sales. Get Free Call button on your website today!,https://s3.amazonaws.com/integrated-apps/grxmistu/ujcyldot.png,18
6892,Contact Form,Fully Customizable and Responsive Contact Form. Add/edit fields and background image. Open contact form with custom link or embed in page.,https://s3.amazonaws.com/integrated-apps/rpiumdln/agiqnrsh.png,19
6522,Fyrebox Quiz,"Fyrebox makes it easy to create a quiz for your BigCommerce Shop. Use a quiz to generate leads, engage or educate your audience!",https://s3.amazonaws.com/integrated-apps/fdhuzciy/uewhyqfo.png,21
5435,404 Error Tracker,Automatically track and fix all your broken links and 404 errors. Never lose a sale or drop in SEO rankings to broken links. Free app!,https://s3.amazonaws.com/integrated-apps/qxrpjdfk/azoflujd.png,21
5640,Bronto Connector (Beta),The Bronto Integrator will stream your BigCommerce customers and orders straight into your Bronto account.,https://s3.amazonaws.com/integrated-apps/qdecbpzu/zmjwqovn.jpg,23
6894,Social Sharing Buttons,"Get more social shares with Zotabox social media icons. Responsive. Multiple accounts, styles, sizes and colors. + 10 more popular tools.",https://s3.amazonaws.com/integrated-apps/zaevbjmf/ovbeiglh.png,23
4122,DCL Logistics,"Connect to the DCL Logistics platform. With 30 years of multi-channel fulfillment expertise, DCL will launch you into ecommerce & retail.",https://s3.amazonaws.com/integrated-apps/ucpozwax/spxqzgwt.png,25
5198,Instagram Advertising With Sokrati Shops,Leverage Sokrati's deep expertise in social media marketing to run effective campaigns on the hottest new marketing channel - Instagram.,https://s3.amazonaws.com/integrated-apps/cwnktyxp/bchykgae.png,26
4670,Freestyle O.M.S.,"Freestyle connects your sales channels, shipping providers and accounting software.  Automatically sync orders, customers & inventory.",https://s3.amazonaws.com/integrated-apps/dzoxsqwe/fpxzvwlc.png,27
5171,Facebook Dynamic Product Ads With Sokrati Shops,Convert website visitors and cart abandoners into loyal customers by re targeting them on Facebook with Dynamic Product Ads.,https://s3.amazonaws.com/integrated-apps/ljoweudr/oacgwjfl.png,28
6709,Traffic Booster,Get visitors interested in your products straight from Google AdWords and Bing.,https://s3.amazonaws.com/integrated-apps/dpwvibno/khniwflr.png,28
3551,SimplyCast,SimplyCast saves time and enables you to do highly targeted marketing for each customer. Changes to customer lists are instantly updated.,https://s3.amazonaws.com/integrated-apps/kwsonqiu/qxrldomb.jpg,28
6091,Coopt Campaigns - Offer Coupons for Sharing on Facebook,Stop giving away coupons and start offering them for sharing on Facebook! Guaranteed to increase sales.,https://s3.amazonaws.com/integrated-apps/kgzuepxh/lruzhajg.jpg,29
6161,Netsuite ERP Connector,"Pre-built integration between Netsuite and BigCommerce; automating orders, fulfilments, product listings and inventory",https://s3.amazonaws.com/integrated-apps/nuljwgpa/ikcwjfpz.jpg,29
31,Whiplash,Whiplash warehouses your products and ships directly to your customers on demand.,https://s3.amazonaws.com/integrated-apps/kcmaotfq/vkfiljms.png,30
1575,Aten Software Data Feeds,Get your products listed on shopping comparison sites like Google and Bing Shopping. We submit all your products daily for one flat rate.,https://s3.amazonaws.com/integrated-apps/noplimex/jcgexhau.png,30
6276,Mento,Easily Promote Your Online Products Across Multiple Social Media Networks,https://s3.amazonaws.com/integrated-apps/zawuvnhg/thlomvrs.png,31
4737,Google Product Ads With Sokrati Shops,The most powerful &amp; intelligent Product Ads platform yet. Get 30%+ better ROI on Google Product Ads with Sokrati - guaranteed.,https://s3.amazonaws.com/integrated-apps/sweuovfl/wrivyoeb.png,31
3987,71lbs,Did you know FedEx and UPS shipments come with a money-back guarantee if delivered late by 60 seconds or more?,https://s3.amazonaws.com/integrated-apps/brfokyjg/cqpadtui.JPG,32
6731,MonkeyData,MonkeyData is the best analytics solution for your online store. Get the statistics of all your sales channels in one place!,https://s3.amazonaws.com/integrated-apps/govsnifj/thwqlamr.jpg,33
5378,Followprice,The Universal Price and Availability Alert that will get your visitors back and increase conversions via Facebook and Email notifications!,https://s3.amazonaws.com/integrated-apps/zswlgdkq/jcdghymx.png,34
7938,Springboard Retail,"Springboard Retail is a cloud POS and retail management platform designed for retailers, by retailers.",https://s3.amazonaws.com/integrated-apps/jzlpqmou/ixquopzd.png,34
5491,Sufio - Automatic Invoices,Let Sufio automatically send invoices and receipts for every order.,https://s3.amazonaws.com/integrated-apps/jwovdtkm/zvefdlub.png,35
1760,Promotify,Increase customer-generated photos by over 1200% using incentives.,https://s3.amazonaws.com/integrated-apps/ajlyqzuc/wfdqspbk.png,37
2401,Autoresponder Max,Automatic email remarketing made easy.,https://s3.amazonaws.com/integrated-apps/dvkzltgq/tqsyupvw.jpg,37
3953,WebLink Connect,WebLink Connect‰ã¢ is the industry's most configurable association management software.,https://s3.amazonaws.com/integrated-apps/xpwdotqz/axuncpkh.jpg,38
3343,Orderv,"Send personalized, unique videos to your customers. Directly engage your shoppers to create a memorable brand they'll eagerly return to.",https://s3.amazonaws.com/integrated-apps/hmbognzp/sxrmepvi.png,38
1175,Fulfillrite Order Fulfillment,"Bigcommerce Order Fulfillment made fast, simple and easy. One click install.",https://s3.amazonaws.com/integrated-apps/ncwerzvt/rmthievg.png,38
8264,FavSEO,Bulk Title &amp; Meta Description Editor!,https://s3.amazonaws.com/integrated-apps/yizuxbcq/gxwrnyzq.png,40
3446,Top Rated Local å¨,Synchronize your store with Top Rated Local. a local business site that highlights the top businesses within your local community.,https://s3.amazonaws.com/integrated-apps/wvhzurek/fmxhibta.png,44
5531,Share a Refund,Do you ship with FedEx and UPS?  Share a Refund finds billing mistakes in your accounts and automatically files refund claims for you.,https://s3.amazonaws.com/integrated-apps/mftpquil/vagmibyd.png,44
5404,One Click Social Login,"Automatic signup and login integration with social networks like Facebook, Twitter, Google +, Instagram, Linkedin, Meetup, Outlook and Yahoo",https://s3.amazonaws.com/integrated-apps/qznxjgds/fmdjiehk.png,45
3368,MinMax Order Limits,This app will allow you as a store owner to set minimum and maximum order amounts and item quantities.,https://s3.amazonaws.com/integrated-apps/tgpuimbj/rjoypmst.png,46
4475,Inventory Planner,Demand-driven products purchasing and replenishment.,https://s3.amazonaws.com/integrated-apps/pysontvh/npswerof.png,48
5505,BC Email Connect,Take Control of your contacts.,https://s3.amazonaws.com/integrated-apps/hedpzugn/frhctzge.gif,50
5686,PopQuick - Social Proof Conversion App,Shows near real-time sales and low in stock products provides your store visitor an exciting atmosphere and urgency to shop.,https://s3.amazonaws.com/integrated-apps/nwavpryo/bsdtvxco.png,52
7116,Gift Certificate Importer,Import gift certificate codes into BigCommerce easily using only a CSV file!\n\nEasily import gift certificate codes from another platform!,https://s3.amazonaws.com/integrated-apps/fvkcmjou/xwtnvcez.png,53
7293,Jet Integration,The Jet BigCommerce Integration App is a complete solution that integrates your online store with Jet.com.,https://s3.amazonaws.com/integrated-apps/hvmilcae/dblszamc.jpg,54
3429,Appath,"Easily manage Inventory, Orders, Shipping, and Customer Service. Integrations - USPS, UPS, FedEx, Amazon, eBay, and more. Free 30-Day Trial.",https://s3.amazonaws.com/integrated-apps/asirbclg/xsvlrcid.png,55
4323,OSI Affiliate Software,OSI Affiliate Software helps you to increase your sales by starting a referral program. Get started now with our 15-day‰ÛÜ free trial!,https://s3.amazonaws.com/integrated-apps/iebfwzsh/divwaxny.png,56
97,Cloud Cart Connector for QuickBooks Online,"Easily sync customers, inventory, orders, and products with QuickBooks Online AU, CA, UK, US.",https://s3.amazonaws.com/integrated-apps/dmfjuzny/owdlzpig.png,57
6800,Stamped.io Reviews,Stamped.io helps your store collect user content with ease.\n\nRich Snippet Supported + integration with BigCommerce Reviews feature!,https://s3.amazonaws.com/integrated-apps/yvqedafo/dygjvnzw.png,58
2261,ReadyToShip,"ReadyToShip imports your Bigcommerce orders, validates addresses and creates consignments in AusPost Eparcel and other major carriers.",https://s3.amazonaws.com/integrated-apps/djbazefu/jwofleri.png,58
4402,Orderhive,Orderhive is a simple inventory management and shipping software for BigCommerce Merchants.,https://s3.amazonaws.com/integrated-apps/bqtufgwo/ahedmful.jpg,58
7130,New Customer Notifier,In just one minute you can start receiving email notifications when new customer accounts are created on your store!,https://s3.amazonaws.com/integrated-apps/ziprfoek/myxcqbtu.png,58
1060,Socialphotos,"Connect your customers' generated Instagram content. Collect, organize and publish photos, increase brand credibility and drive more sales.",https://s3.amazonaws.com/integrated-apps/toneuvmz/plqyfxna.jpg,58
2856,Teapplix,"Teapplix provides completed solution for shipping automation, inventory management and QuickBooks integration, saves your time and money.",https://s3.amazonaws.com/integrated-apps/eafiopdm/lbhqtnwx.png,59
5312,Listrak Retail Solutions,Connect BigCommerce with the power of Listrak to power solutions that transform retail,https://s3.amazonaws.com/integrated-apps/ypwhketq/lvngsomy.jpg,60
5126,Coopt - Turn Customers Into Advertisers,"Boost sales by turning customers into social media promoters, without the hassle of affiliate programs.",https://s3.amazonaws.com/integrated-apps/ashbfizr/anfoihzd.jpg,60
6232,Events Calendar,Add a beautiful events calendar to your website and inform your audience about the upcoming events.,https://s3.amazonaws.com/integrated-apps/zxcebutw/bceulgfi.png,63
3650,Nextopia Site Search & Navigation,Nextopia eCommerce search solutions help increase conversions for more online retailers than any other company in the world.,https://s3.amazonaws.com/integrated-apps/ufxwsqhy/rlgntbky.png,63
3139,Loyal2,"Build a world-class loyalty program instore, online for use on mobiles, tablets and PCs. Totally free for your first 500 members!",https://s3.amazonaws.com/integrated-apps/xepsacku/qacftnkm.gif,66
5512,Chatra Live Chat + Cart saver,"Chatra Live Chat allows you to sell more, answering questions and alleviating concerns to help visitors place an order.",https://s3.amazonaws.com/integrated-apps/sxtublwd/esuzbgln.png,67
4245,Cut Out My Images,"We make your product look perfect to Increase your sales with professional edited images. Install the app, send your images to us & relax!",https://s3.amazonaws.com/integrated-apps/xduziasr/dlgurben.jpg,67
4833,Email Marketing Automation,"Win back inactive customers, recover abandoned carts, personalize product recommendations, deliver newsletters and more.",https://s3.amazonaws.com/integrated-apps/hnxkpiay/nbwhslyi.png,67
7144,Yo - Display Recent Sales in Real Time,Instantly replicate the atmosphere of a busy retail store by showcasing recent orders on your site - giving visitors the confidence to BUY,https://s3.amazonaws.com/integrated-apps/avpkrdgc/gmvjeaqu.png,67
1518,ERPinCloud,"ERPinCloud offers a full fledged ERP suite in the Cloud with modules for CRM, Purchase, Sales, Warehousing, Manufacturing & Acccounting",https://s3.amazonaws.com/integrated-apps/ekpuobni/dzrhjaql.png,68
5454,Advanced Product Filter,Our Advanced product filter allows customers to find products they desire ensuring a hassle free and pleasurable shopping experience.,https://s3.amazonaws.com/integrated-apps/bjmydwau/zocefmit.png,70
2559,Predictive Email Marketing by Rare.io,When someone places an order there‰Ûªs an 80% chance you‰Ûªll never see that customer again ‰ÛÓ we can help you change that.,https://s3.amazonaws.com/integrated-apps/fukyhgqz/hsmowfab.png,71
2643,Callexa Feedback,Analyse and measure customer sentiment by conducting automated NPS based surveys to recent or regular customers of your BigCommerce shop.,https://s3.amazonaws.com/integrated-apps/wblxdkqa/jpenaxog.png,73
1072,Neowauk Events,"Host quick, distinct & personalized special Marketing events. Increase order conversion and traffic. Reduce your dependence on IT.",https://s3.amazonaws.com/integrated-apps/znhorcjf/siumrtzg.png,75
6321,"Fishbowl Prizes - Email Capture, Prize Giveaways, and Marketing Tool","Capture email addresses from your website visitors, gain new customers, and increase your sales by running online prize giveaways.",https://s3.amazonaws.com/integrated-apps/ecmoaukj/cufjpogb.png,75
2212,Unbxd Recommendations,"Increase sales by 20% - 25%!\nAdd personalized cross-sell & up-sell recommendations to your store.\nNo hassles, risk-free, 2 step set-up",https://s3.amazonaws.com/integrated-apps/ykdbpamo/rivowpqf.png,75
1734,Verified Reviews,"This module allows you to collect and displays customer reviews (google seller rating stars, PLA  product reviews)",https://s3.amazonaws.com/integrated-apps/vzijpfux/ewdgliqz.png,76
6447,Feefo Ratings & Reviews,"Increase traffic, sales and insights thanks to Feefo‰Ûªs award-winning ratings and reviews platform. Install your free version of Feefo today!",https://s3.amazonaws.com/integrated-apps/itlvuzcf/orhwmunc.jpg,76
4038,Connex for QuickBooks Enterprise,"Connex for QuickBooks syncs customers, inventory, orders, and products with QuickBooks Premier, Wholesale & Manufacturing, or Enterprise.",https://s3.amazonaws.com/integrated-apps/jzcyealh/qrodptzu.jpg,78
1827,esa Product Manager,"Always keep your store in synch with eBay using this advanced importer, which screens out duplicates and allows full manual control.",https://s3.amazonaws.com/integrated-apps/hzlykrtv/uyaizthf.jpg,79
4496,Sage 50 Integrations (UK) By Patchworks,Automate: \n - Sales Orders \n - Customer Accounts \n - Inventory \n - Stock Level,https://s3.amazonaws.com/integrated-apps/slfundyh/vuafekjt.jpg,79
903,Spark Shipping,"Automate your order management, order processing, new product creation and third-party fulfillment.",https://s3.amazonaws.com/integrated-apps/nmcqutvi/bryzehjk.png,79
2699,Clover Integration By Patchworks,Integrate Bigcommerce with Clover for automatic sync of customer orders and a unified stock level. Patchworks saves you time and money.,https://s3.amazonaws.com/integrated-apps/wylqbtdo/wqieauck.png,79
5077,XSellco,"Streamline your customer support by integrating all customer contacts from your Big Commerce site, with your other channels and marketplaces",https://s3.amazonaws.com/integrated-apps/tdxhvosq/aifqlsdw.png,79
632,Vextras,"E-commerce retailers worldwide depend on our apps to drive sales, help customers & automate millions of tasks.",https://s3.amazonaws.com/integrated-apps/jvkybtuo/tfgawhbc.png,81
389,ShipHero - iPad and Scanner based complete Inventory and Shipping solution.,Have multiple pickers and packers in your warehouse? ShipHero blows away the competition in pick speed and accuracy.,https://s3.amazonaws.com/integrated-apps/mzfglrba/nibtvcdj.jpg,82
6712,AppNotch - Easy BigCommerce Web Store to App Store,AppNotch makes it easy to upgrade your BigCommerce website store into a powerful mobile app store and get published in Google and iTunes.,https://s3.amazonaws.com/integrated-apps/qjxbkzts/tprahkoc.png,83
7474,wholesale2b,Import thousands of dropship products to your BigCommerce store with just a few clicks.  Orders are shipped directly to your customers.,https://s3.amazonaws.com/integrated-apps/dngmryqp/kryempfw.png,83
7086,CustomOrderStatus,Save time and build customer trust. Create your own order status updates to suit your business. Get rapid ROI through repeat orders.,https://s3.amazonaws.com/integrated-apps/eflzjgqy/cxwzjkgm.jpg,85
1841,Performance Marketing with Sokrati Shops,Get 40% more Shoppers &amp; 70% reduced overheads guaranteed with automated marketing across channels.,https://s3.amazonaws.com/integrated-apps/emwpfosh/gsltkcqh.png,85
4497,Sage 200 Integration (UK) By Patchworks,"Automatically transfer product information, pricing and SKUs from Sage 200 to Bigcommerce.",https://s3.amazonaws.com/integrated-apps/lezfpish/ouzwvnht.jpg,88
5627,Quote Ninja,Quote Ninja allows you to send your customers discounted quotes right to their email.  They can then click a link to go straight to checkout,https://s3.amazonaws.com/integrated-apps/cmzjathx/qtvlisrj.png,88
1459,FraudLabs Pro,FraudLabs Pro screens your order against fraudsters.,https://s3.amazonaws.com/integrated-apps/wbzhujgi/lpkirowz.png,88
1656,RewardCamp,Most customer-friendly loyalty program. \nBuilt by the world's leading customer retention experts!,https://s3.amazonaws.com/integrated-apps/mqtkospu/dvxkajfi.jpg,92
2071,ShipIt,"ShipIT the ultimate, cloud based app that simplifies and automatse the process of delivering orders with Aus Post, StarTrack, DHL, Fastway +",https://s3.amazonaws.com/integrated-apps/nmvaptxs/gdoqresp.png,92
5153,Lead Commerce Connector,"Sync orders, fulfillment, and inventory with the power Lead Commerce inventory, warehouse &amp; order management software.",https://s3.amazonaws.com/integrated-apps/ztkciflj/dpbqkrhs.png,93
1078,Personalizer - Targeted Product Recommendations by LimeSpot,"Related items, Upsell, Cross-sell, Popular, You May Like, Featured, Trending &amp; Recent Views. Free customization. Auto-install in mins!",https://s3.amazonaws.com/integrated-apps/yvgpqjka/uepbgkai.png,93
3298,VHX - Sell your digital videos,Sell and deliver digital videos directly to customers from your BigCommerce store. Give customers options to download/stream from anywhere!,https://s3.amazonaws.com/integrated-apps/mfxidsak/qwiplcas.png,94
4518,Store Finder,Enable your customers to easily find your nearest locations or in store products with store locator functionality and a Google map.,https://s3.amazonaws.com/integrated-apps/kldifrbx/tcymsoli.png,95
3469,HubShop.ly for Bigcommerce,The #1 way to sync customer and order data from Bigcommerce with HubSpot's powerful suite of inbound marketing and reporting tools.,https://s3.amazonaws.com/integrated-apps/awgmvche/htqsyrpv.png,98
2825,Exit Pop,"Exit Pop will help you convert  your web store visitors into customers, a second before they leave your store.",https://s3.amazonaws.com/integrated-apps/qimkdvsy/edjqypkh.jpg,100
4971,Loyalty for BigCommerce,Get your customers shopping more often with a loyalty and referral program designed for BigCommerce stores. Try for free.,https://s3.amazonaws.com/integrated-apps/jxhfoule/tomdnigb.png,100
1998,InStockAlerts Back In Stock Notifications,Let customers be notified by email when an unavailable product is back in stock.,https://s3.amazonaws.com/integrated-apps/wqeombzn/cdfwljao.png,102
1995,ContactPigeon,Combine real-time insights with the power of event-driven marketing and send emails that your customers want to receive.,https://s3.amazonaws.com/integrated-apps/gopxilyd/uvthcedn.png,102
4631,Product Review Importer,Import product reviews into BigCommerce easily using only a CSV file!\n\nEasily import reviews from another platform or reviews app!,https://s3.amazonaws.com/integrated-apps/ypbmzjxk/vbarqlij.png,105
2700,NetSuite Integration By Patchworks,With the best in market ERP and POS systems - Patchworks saves you time and money.,https://s3.amazonaws.com/integrated-apps/kqbhyasj/rhvzqnsu.png,106
5455,Order Message Notifier,In just one minute you can start receiving email notifications for new incoming or outgoing order messages!,https://s3.amazonaws.com/integrated-apps/mlagevqw/gmicnwhf.png,106
453,Upsell by Email,Promote and up-sell your products by e-mail. Stay in touch with your customers without lifting a finger!,https://s3.amazonaws.com/integrated-apps/andrbfem/mosezhdi.png,109
129,Robin,"ROBIN is a fast & smart customer service app that seamlessly integrates support e-mail, live chat, proactive chat, eCommerce data & metrics.",https://s3.amazonaws.com/integrated-apps/qpbndsgv/bfwvsqdk.png,111
35,Refund Retriever,"We audit UPS and FedEx, and automate your refunds for late packages, bogus surcharges, and more. No setup or monthly fees, and no contract.",https://s3.amazonaws.com/integrated-apps/udzeflsc/nbofhyam.png,115
2538,OrderCup,"Ship and fulfill your orders from anywhere, anytime, easily and efficiently with discounted rates - saving you time and money!",https://s3.amazonaws.com/integrated-apps/uitbyqkx/oszykvdn.png,115
2315,Mamaya,Bring your lost visitors back. It‰Ûªs only 1-click with Mamaya. Ridiculously easy to use dashboard makes every merchant a marketing superstar!,https://s3.amazonaws.com/integrated-apps/pwicbeyn/mcskqbvr.png,116
1839,Aerse,"Fill your shop with beautiful product images, product capabilities and logistic data",https://s3.amazonaws.com/integrated-apps/yimbgcvh/nrhujbge.png,118
4590,Refersion: Easy Affiliate Tracking,"Generate more sales through commission based partnerships with Bloggers, Internet Marketers, Publishers, and so on.",https://s3.amazonaws.com/integrated-apps/xmbwhjgy/pyvjsgxq.jpg,120
5448,ReloadSEO,"Improve your SEO: Write better content and have a fully optimized store. Rank higher, sell more. Start optimizing today!",https://s3.amazonaws.com/integrated-apps/nuxjbiod/rqknjcdi.jpg,120
4337,Price Table,"Showcase prices, products, and packages in customizable tables.",https://s3.amazonaws.com/integrated-apps/ebzvhtdl/qclpsaux.jpg,121
3937,SMSBump,SMSBump increases your customer loyalty and automatically sends transactional and bulk text messages.,https://s3.amazonaws.com/integrated-apps/nbpyhczu/lytwjxmc.png,121
3979,Promotion  Bar,"A sticky bar to promote products and sales, grow your mailing list, and get likes.\nThe best converting and user friendly marketing tool.",https://s3.amazonaws.com/integrated-apps/ubxacfki/oiqwylce.png,122
2754,Yuzu - Meet your next Shoppers,Directly reach millions of shoppers buying every day in hundreds of stores.,https://s3.amazonaws.com/integrated-apps/gjrostxa/vphywjzf.png,123
7947,Rewards and Referrals by Swell,"Dramatically increase revenue with our loyalty program, which rewards your customers for repeat purchases, referrals, and more!",https://s3.amazonaws.com/integrated-apps/aidmysxk/oxzjygif.png,124
2016,Reamaze,"Boost sales conversions, loyalty, and engagement with multi-channel messaging, KB, and Live Chat in a single app. Deploy in under 5 minutes.",https://s3.amazonaws.com/integrated-apps/cuplnyds/oyegljkz.png,124
6274,Social Boost,"Reward users for sign ups, referrals, social media actions & more! Run viral social media & marketing campaigns on website, Facebook, etc.",https://s3.amazonaws.com/integrated-apps/fljyxknu/qvuyprgw.jpg,125
1635,Shopgate - Mobile Commerce,"Launch powerful shopping apps for your BigCommerce store, with one-click integrations to create apps for iOS, Android and Apple TV.",https://s3.amazonaws.com/integrated-apps/zuqeovlm/wnpmaxke.png,126
7044,BlueCheck Age Verification For Vape & E-Cig Sellers,BlueCheck verifies customer age before checkout to ensure compliance with federal (FDA) and individual state vaping age laws. Secure &amp; Fast.,https://s3.amazonaws.com/integrated-apps/wiuohbmf/odlsjxwt.png,127
1855,Storeazy,"Storeazy is an interface app which can directly connect to SoldEazy, So, users can transfer and maintain product listing in one place.",https://s3.amazonaws.com/integrated-apps/bhlmwypq/wnqdrkms.png,133
270,In Stock Reminder - Back in Stock alerts,Add subscription button at pages of products that are sold out and notify your customers instantly when a product is available to order.,https://s3.amazonaws.com/integrated-apps/khbprlxj/syamwfrd.png,133
6888,"Findify - Search, Recommendations & Collections","Search, Recommendations and Collections in a single integration - Harness the power of Machine Learning to increase your revenue.",https://s3.amazonaws.com/integrated-apps/bwfrqxod/shmnotba.png,134
384,Pixelz Image Editing Service,Great Images Sell Products!\nTake control of your product images by integrating our professional image editing service. 24 hour turnaround,https://s3.amazonaws.com/integrated-apps/xyanprif/lrtjnpci.png,138
283,ShipRobot,"No more copy and pasting to create a shipping label! Sync orders in real-time and create UPS, CA Post, USPS, and FedEx labels in less time.",https://s3.amazonaws.com/integrated-apps/mbkdhari/bpkzhgcx.png,142
4162,Brightpearl,"Brightpearl is an omnichannel retail management platform delivering automation, lowering costs, and returning superior results.",https://s3.amazonaws.com/integrated-apps/qgxbpsci/zmejyxqt.jpg,151
85,SmartrMail - Personalized Email Marketing for BigCommerce,"Automatic, Personalized Email Marketing to Get More Sales",https://s3.amazonaws.com/integrated-apps/rnljmfcb/dqrcxbap.png,154
2449,Ve for BigCommerce,The only automated marketing solution to solve your abandonment &amp; conversion problems at every stage in the customer‰Ûªs journey.,https://s3.amazonaws.com/integrated-apps/hxcbfoiz/jtpiwund.jpg,154
3750,DEAR Inventory,DEAR is a comprehensive cloud based inventory application designed to help small business improve order and inventory management,https://s3.amazonaws.com/integrated-apps/zhoauymq/qeowrmpf.png,157
7386,E-Commerce Affiliate Network,Connect with affiliates to promote your store and product(s). Build a commission-only sales team that sends you new traffic and customers!,https://s3.amazonaws.com/integrated-apps/lmkofydz/lfutvaic.png,160
4362,Addrexx,"Autocomplete and validate address information.  \n\nSolve shipping issues, increase conversions and improve customer experience.",https://s3.amazonaws.com/integrated-apps/yowcvdsm/nzwkovum.png,165
4098,Reverb.com,The Reverb Bigcommerce Sync app will bring your Bigcommerce listings to life on Reverb.com.,https://s3.amazonaws.com/integrated-apps/qtjcyfnh/lhwjtifq.png,165
407,Loyalis (Rewards Program + Business Intelligence),Reward and analyze customer behavior to get valuable insights on growing customer loyalty and sales.,https://s3.amazonaws.com/integrated-apps/lrxmfjeb/fwpndrul.jpg,166
2787,Stone Edge Order Manager,Stone Edge connector app for Stone Edge Order Manager.,https://s3.amazonaws.com/integrated-apps/poxwuied/sndvxblo.png,167
6828,Maxly - Increase Sales via Product Promotions,"Maxly: Automatically engage your customers based on their behaviors to offer promotions and increase conversions, guaranteed.",https://s3.amazonaws.com/integrated-apps/lqunfmyb/mzflihro.png,168
4835,SKULabs,SKULabs is the ultimate all-in-one inventory control and order fulfillment package. Get started today with a 14-day free trial!,https://s3.amazonaws.com/integrated-apps/gfkjdcxl/qfuycpix.jpg,170
6698,Postmen,"Print shipping labels easily. Support USPS, FedEx, UPS, DHL and 40+ couriers.",https://s3.amazonaws.com/integrated-apps/tvofpjdk/lkxufyjg.png,184
2001,Apptuse - Mobile apps for ecommerce websites,Apptuse empowers you to create elegant and native iPhone and Android mobile commerce apps for your Bigcommerce powered website,https://s3.amazonaws.com/integrated-apps/srpjunvi/filykvru.png,185
164,Warranty Life,BETA: Meet customer demand while earning extra margin & revenue by selling extended protection plans.,https://s3.amazonaws.com/integrated-apps/okzatrxy/gkqlarvp.png,188
178,"Printout Designer - Invoices, Packing Slips and Labels","Create professional invoices, packing slips and labels in a matter of seconds. Process your orders up to FIVE times faster and save hours.",https://s3.amazonaws.com/integrated-apps/ewqzjmbp/qjxscidm.png,190
4201,Skubana,"All-in-one cloud ERP platform with order management, inventory, PO's, analytics, and accounting functionality for a fraction of the cost.",https://s3.amazonaws.com/integrated-apps/fawcnxlr/kpwrscao.png,197
105,Compass,Track 30+ ecommerce metrics and compare them against other BigCommerce stores. Get tailored recommendations and grow your store faster.,https://s3.amazonaws.com/integrated-apps/xqjwvrmc/sncxrzvy.jpg,197
557,Storemapper Store Locator,"Add a responsive Store Locator with Unlimited locations, Native mobile design, Fully Customizable and Powerful Analytics. Free trial!",https://s3.amazonaws.com/integrated-apps/pavmsqul/jgnudtxs.png,202
189,3D Visual Merchandiser,"If a customer can't find a product, they can't buy it! Increase product visibility with a 3D product display. Proven to increase sales.",https://s3.amazonaws.com/integrated-apps/zwhlnqko/xqhylrab.jpg,205
1729,Catalog-on-Demand for Bigcommerce,High Quality PDF Brochures & Catalogs: \n100% automated.,https://s3.amazonaws.com/integrated-apps/jyvigkeo/sofkzxvj.jpg,205
92,ChannelUnity - Multichannel Integration,"Sell your products on marketplaces such as Amazon, eBay, NewEgg and Rakuten. Imports marketplace orders back into your Bigcommerce store.",https://s3.amazonaws.com/integrated-apps/yhwkefjc/hqeybfmt.png,207
4456,Fomo - Boost Sales with Social Proof,Increase your sales with Fomo! Display recent orders and show your users the ultimate testimonial: OTHER people buying your products.,https://s3.amazonaws.com/integrated-apps/okrgieny/clhpeqia.jpg,221
3818,DataFeedWatch,DataFeedWatch enables Bigcommerce merchants to optimize their data feeds and ROI for Google and 500+ other Shopping Channels.,https://s3.amazonaws.com/integrated-apps/yogrxdec/zpimjwny.jpg,233
4269,ReferralCandy,Get people to refer-a-friend to your store with our automated referral program! Easy to install and configure. Simple but powerful!,https://s3.amazonaws.com/integrated-apps/hifxqgob/ifzygkap.png,245
3525,Subuno Fraud and Chargeback Prevention,"Subuno automatically alerts you of fraudulent orders, helps you review orders faster, and increase sales with chargeback insurance.",https://s3.amazonaws.com/integrated-apps/dqnvrmjc/razknhqy.png,248
2056,Recurring Payments & Invoicing by PayWhirl,"#1 RECURRING PAYMENTS APP - Offer Subscriptions, Payment Plans, Layaway Plans, Pre-Orders &amp; More... SIMPLE &amp; SEAMLESS Integration.",https://s3.amazonaws.com/integrated-apps/zhpgicwx/blxhouaj.png,252
4949,Trustpilot Reviews,"The simple, free way to gather reviews from your customers to increase sales and improve your brand visibility in just 5 minutes!",https://s3.amazonaws.com/integrated-apps/pashncrg/exfsvmrd.png,254
5376,Rebillia: Saved Credit Card,Our customers average 42% increase in revenue after 3 months use! Save credit cards for future purchases. No Set-Up Fee - No Contract!,https://s3.amazonaws.com/integrated-apps/enjmpcsd/yxrlsgda.png,256
5474,Privy - free email popup with exit intent,"Grow your email list free with exit popups, banners and more!",https://s3.amazonaws.com/integrated-apps/ukpagdzi/jaxkvzlq.png,259
2407,MailSync for BigCommerce,"Autosync your BigCommerce customer data to your mailing app. Grow your mailing list in MailChimp, Campaign Monitor, iContact. Try for free.",https://s3.amazonaws.com/integrated-apps/ikfabxoe/krcjatpg.png,270
1472,Cue,On-site marketing platform designed to turn unknown visitors into known shoppers and customer relationships.,https://s3.amazonaws.com/integrated-apps/rbkyctfu/vdbwmyfa.jpg,270
1864,Casengo,"All-in-one inbox: email, chat, Facebook, Twitter & phone calls. It‰Ûªs about the message, not the medium. A universal inbox to rule them all!",https://s3.amazonaws.com/integrated-apps/kouvhbiw/hmkyauzc.png,276
4349,Stitch Labs,"Centralized Inventory Management - Helping retailers get the right inventory, in the right place, at the right time.",https://s3.amazonaws.com/integrated-apps/qnyrblmx/inxcyklj.jpg,298
1546,PriceWaiter - Name Your Price,"In as little as 15 minutes, PriceWaiter can help you engage more visitors, convert comparison shoppers, and make MAP moot!",https://s3.amazonaws.com/integrated-apps/mybzavce/nrsvkdpl.png,302
6121,Quick Facebook Chat,Bring customer support to the next level with Facebook Messenger. Customers send message to your Facebook business page inbox right on store,https://s3.amazonaws.com/integrated-apps/dstcxajy/xrghszbv.png,302
2534,ContentPlum,"Create Shoppable Instagram galleries. Showcase your fans by integrating #Hashtags. Integrate Facebook, Twitter, Pinterest and blog feeds.",https://s3.amazonaws.com/integrated-apps/rgihdovj/ixdjylea.png,316
116,Feedzai Fraud Prevention for Retailers,Make sure you get paid. Receive an instant payment credit score on your buyers‰ÛÓduring checkout‰ÛÓon every order.,https://s3.amazonaws.com/integrated-apps/vcrbzmxy/orsqamkf.png,321
2359,Blog Sync,"Import any blogs into Bigcommerce blog and keep them automatically synced, Improve your store's SEO.",https://s3.amazonaws.com/integrated-apps/vftkpnmc/trehiwsu.png,322
1830,Now In Store Catalog Builder,Easily import your BigCommerce store and instantly create beautiful printable and digital line sheets & catalogs of all your products.,https://s3.amazonaws.com/integrated-apps/ymebrpod/iamoryck.png,324
5014,Retail Ready Photos by Pixc,"Pixc provides on demand product image editing and optimization for your online store so you can increase your sales, returned within 24 hrs.",https://s3.amazonaws.com/integrated-apps/mortqwdi/sqwvdljf.jpg,324
4758,AppMixture - Mobile App Builder for E-Commerce,The AppMixture Mobile Connector creates native mobile apps which are beautiful representations of your store on iOS and Android smartphones.,https://s3.amazonaws.com/integrated-apps/xynwrgsj/kretloih.png,326
1598,Lucky Orange,"Identify the real cause of why you are losing customers every day. Tools include: Chat, Recordings, Heat Maps, Form Analytics, Polls.",https://s3.amazonaws.com/integrated-apps/cbfigjyl/wgilpzac.png,326
6895,Promo Bar,"Responsive and Fully Customizable Promo Bar. Promote Free Shipping, Free Gifts, Coupons, + 10 more popular website marketing tools.",https://s3.amazonaws.com/integrated-apps/yraubxht/sgxonvqr.png,331
3295,RetailTower,"A super simple way to list your products on comparison shopping engines; Google, Amazon, Bing shopping, TheFind, Shopzilla, Pricegrabber etc",https://s3.amazonaws.com/integrated-apps/iyzldpkn/lumovtgj.png,335
63,TaxJar,"Automated reporting that provides sales and sales tax data by state, county, city and local tax jurisdictions. No more excel!",https://s3.amazonaws.com/integrated-apps/xharbpey/aykhdlwq.jpg,336
631,Magic Zoom Plus,"Your products will look awesome with this big zoomer. Hover to zoom-in, click to enlarge. Install the free trial now!",https://s3.amazonaws.com/integrated-apps/auotchwn/zcrmxwqo.png,345
4338,POWr Tools,"Supercharge your store with custom countdowns, comments, maps, weather displays, and more.",https://s3.amazonaws.com/integrated-apps/mahkdrxl/etsxajzq.jpg,354
4447,LiveChat - premium live chat and help desk software,LiveChat - beautiful and powerful live chat software and  help desk software for awesome customer service.  Try LiveChat free for 30 days!,https://s3.amazonaws.com/integrated-apps/apjikuth/ilrcuzxb.png,359
80,Unbound Commerce - Apptive,"Mobile Commerce apps for iPhone, iPad & Android.  Richer engagement with your best customers, most convenient mobile shopping experience.",https://s3.amazonaws.com/integrated-apps/kqbtmirg/ycqwblfs.png,381
4336,Social Media Connect,Connect and display any social media channel right on your Bigcommerce store.,https://s3.amazonaws.com/integrated-apps/xmfuqjtd/wymdqthi.jpg,387
334,Order Desk,Hosted Order Management - submit your orders to third-party fulfillment services including Shipwire and 3PL Central,https://s3.amazonaws.com/integrated-apps/tfndphxl/qjebotic.png,419
1750,Social Login,"Enable your customers to login to your store using their social media accounts: Facebook, Twitter, Google+, Instagram.",https://s3.amazonaws.com/integrated-apps/uoxwhtaz/vqledgxj.png,429
467,Social Reviews & Testimonials,"Increase your sales with reviews from Facebook, Twitter and G+. Display them on your store to increase customer's trust, sales &amp; SEO",https://s3.amazonaws.com/integrated-apps/knrewpoj/kwvqjyuz.png,431
2474,Print Aura - Print on Demand Fulfillment,"Sell t-shirts with no minimums, no inventory or upfront costs. Orders shipped under YOUR brand. Custom return labels and packing slips.",https://s3.amazonaws.com/integrated-apps/dublqtsp/tijqxabs.jpg,434
2399,Shoptoit Keyword Ads for eCommerce Retailers,Feed your Bigcommerce products to our engine using this app. Shoptoit helps eCommerce retailers get found online with our Google Integration,https://s3.amazonaws.com/integrated-apps/hmiecanf/kybrsqni.png,437
3085,Affiliatly,"Increase sales by starting your own affiliate program. Manage your partners with ease and track referred sales by link, coupon or product.",https://s3.amazonaws.com/integrated-apps/wmbrfoyv/szxeyfim.png,450
1727,eClincher,"Social Media Management app: publish &amp; schedule posts, promote, engage, automate, curate content, social inbox, live feeds, Desktop/Mobile.",https://s3.amazonaws.com/integrated-apps/icqsezyl/euvywhib.png,464
452,Discount Manager - Sales Scheduler,The app allows you to create sales in your web store at a scheduled time. Now you don't need to spend time changing price for each product!,https://s3.amazonaws.com/integrated-apps/uqlentjr/qigbkofj.png,478
3134,Vantage,Monitor the pulse of your store and launch automated campaigns on Facebook and email. Vantage is the must-have dashboard and campaign app!,https://s3.amazonaws.com/integrated-apps/zxtaocvd/mzkefgtd.png,480
4332,Galleries,"Showcase articles, images, and videos!",https://s3.amazonaws.com/integrated-apps/zgefnwsd/gevbayrn.jpg,487
3102,Live Chat Support,"Engage visitors, improve service, and sell more with Live Chat Support.  Super easy to set up and native Slack integration.",https://s3.amazonaws.com/integrated-apps/tuwrzdxp/adrcjvyu.png,498
4801,Better Coupon Box,The easiest and most simple app for you to convert customers. Popup a coupon box to turn visitors into social followers and increase sales.,https://s3.amazonaws.com/integrated-apps/gaikwpfy/avqrzxnc.png,524
4249,GoDataFeed,Push your products to 100+ shopping channels and reach millions of shoppers with this turnkey product feed solution for Bigcommerce stores.,https://s3.amazonaws.com/integrated-apps/kihyqxds/dkunsyrt.jpg,533
111,e-ProductPlug,The tool you need to automate retrieval of your supplier's product data &amp; inventory and plug it in to your store -- with advanced features,https://s3.amazonaws.com/integrated-apps/hauyqkio/mkoyjtlz.png,538
72,Unify by Webgility,Simplify your e-commerce business and see how easy it is to succeed. Integrate all your online stores with QuickBooks and more.,https://s3.amazonaws.com/integrated-apps/ifhdqems/splfghbi.png,565
100,Crowd Content,1000‰Ûªs of professional writers for your shop. Easily and quickly create unique product descriptions. Automatically import and publish!,https://s3.amazonaws.com/integrated-apps/alkrqcbi/gbqjxrvo.png,579
1114,BoostSuite Ads,Advertise your business! Drive valuable traffic to your website by combining forces with like-minded businesses to cleverly share customers.,https://s3.amazonaws.com/integrated-apps/snwlztkp/guhcbnox.png,593
1419,LeadDyno: Easy Affiliate Marketing,"We'll help you quickly build a team of affiliates to resell your product. We'll also help you turn your customers into affiliates, too.",https://s3.amazonaws.com/integrated-apps/jyfsdhnt/pecqumwl.png,617
5201,Sift Science Fraud Prevention,Automatically detect and prevent fraud in real-time with machine learning.,https://s3.amazonaws.com/integrated-apps/klwiacsz/ypknibjf.jpg,638
7450,Facebook Ads Extension,Easily set up a pixel and catalog to use advanced advertising products and drive sales on Facebook,https://s3.amazonaws.com/integrated-apps/rcpjqniy/nyvizgrm.png,639
2166,eBay LINK,Grow your business - use eBay LINK  to easily list and sell your products from your Big Commerce store on ebay.com.au,https://s3.amazonaws.com/integrated-apps/fkwnijah/ioldbwfx.jpg,691
182,InStockNotify,Allow your customers to enter their email address and be automatically notified when a product is back in stock.,https://s3.amazonaws.com/integrated-apps/pfestodv/rsokubec.png,692
3217,Conversio,Conversio is your all-in-one marketing dashboard that includes various email tools and on-site widgets.,https://s3.amazonaws.com/integrated-apps/pcvabukh/cbkgrexh.jpg,708
33,ActiveCampaign,ActiveCampaign is an email marketing &amp; marketing automation platform that helps you grow your business.,https://s3.amazonaws.com/integrated-apps/ftjhcxpz/wcjboykg.gif,750
622,Coupon Pop,The Coupon Pop app boosts your website conversion rate and increases your fan base and email lists by providing special offers.,https://s3.amazonaws.com/integrated-apps/vemsoahj/kvglhzod.gif,819
369,Unlimited Upsell - Buy X Get Y,Offer customers to buy additional products based on the cart content. Increase the amount of every sale!,https://s3.amazonaws.com/integrated-apps/bvokrtsn/xcftdalq.png,820
1104,OneSaas - Automate Your Business,"Get Bigcommerce automatically sharing sales data with your other business apps - including accounting, fulfillment and email marketing.",https://s3.amazonaws.com/integrated-apps/womkiqfa/wilhbgtn.png,843
188,Sunrise Wholesale Dropship Products,Great products that you can sell right from your Bigcommerce Store. Sunrise drop-ships items right to your customers.,https://s3.amazonaws.com/integrated-apps/ngybftih/puwshvan.png,880
4087,Forms,"Simple, beautiful forms in seconds!",https://s3.amazonaws.com/integrated-apps/krtmbhsy/rgybtcwh.jpg,910
1682,Tidio Chat,"Meet Tidio Chat - a free chat for your website. No logging in, no signing up - integrates with your website in less than 20 seconds.",https://s3.amazonaws.com/integrated-apps/kifdqzcy/qsbedval.png,955
2200,Doba Drop Shipping,Need product? Instant access to 2 million drop ship products & hundreds of suppliers. Exclusive Free 30-day trial (no credit card required).,https://s3.amazonaws.com/integrated-apps/nhovdyua/lkuwdysf.png,1025
345,Shippo,"Print shipping labels easily in just one click for USPS, FedEx, UPS, DHL & more. Up to 70% USPS discounts. Sign up is free!",https://s3.amazonaws.com/integrated-apps/fywtejhq/jkbztiwr.jpg,1090
380,Signifyd,Fraud and chargeback protection. Automate your back office and never pay a chargeback again.,https://s3.amazonaws.com/integrated-apps/ohdgezbt/jmunlogr.png,1111
4267,Stamps.com,"Import orders, print USPS shipping labels, then post the tracking number back to your store all with just a few clicks.",https://s3.amazonaws.com/integrated-apps/volbprkq/ijzcudkp.png,1146
82,Sellbrite,"Sellbrite gives you a smarter way to automate listing, syncing and shipping for all your sales channels",https://s3.amazonaws.com/integrated-apps/mjzsqlpk/aedtofhu.png,1247
2927,Ordoro,Most cost-effective shipping app for Bigcommerce! Ship more for less with discounted shipping rates. Includes built-in inventory management.,https://s3.amazonaws.com/integrated-apps/ptjxcfrm/mftpzvcb.png,1275
5073,McAfee SECURE,Give visitors the confidence they need to buy by certifying your site as safe.,https://s3.amazonaws.com/integrated-apps/nbauzwpc/axtbcmyq.png,1304
553,eCommerce email marketing by Soundest,"Soundest covers all you need: easy Email Marketing Campaigns, automated Welcome &amp; Cart Recovery Emails, Reports and integrated signup forms.",https://s3.amazonaws.com/integrated-apps/jdceszib/nkcrqxze.png,1316
1987,Picreel Exit Offer,Picreel is the powerful conversion rate optimization tool. We help website owners recover abandoning visitors and turn them into customers.,https://s3.amazonaws.com/integrated-apps/uefdrlzi/wykaplsr.png,1342
172,RetentionGrid,What's your customer retention rate? What percent of customers are loyal? Who are you at risk of losing? It's super easy to find out now!,https://s3.amazonaws.com/integrated-apps/odybisne/sntkujqd.png,1443
947,Inventory Source,"Find trusted wholesale suppliers and automatically load and update their items to your website, all with simple custom feed controls.",https://s3.amazonaws.com/integrated-apps/pocyaehs/wzindyos.jpg,1527
1261,"Printful - Dropship T-Shirts, Posters, Leggings, and More Print Products","Print custom designs on t-shirts, posters, canvas, leggings etc. Build your brand with the reliable quality of Printful. We ship worldwide.",https://s3.amazonaws.com/integrated-apps/envqdfwo/hzincqwb.png,1532
5357,Xero,"Save time - easily sync your online store with Xero and get an automatic flow of customer, product, and sales data between the 2 platforms.",https://s3.amazonaws.com/integrated-apps/moqwsyeg/jwvkazib.png,1588
26,S Loyalty - Loyalty Program Designed for Bigcommerce,"Launch a beautifully branded loyalty program to reward loyal customers, launch campaigns, and more!",https://s3.amazonaws.com/integrated-apps/klxhenbi/imapfzuo.svg,1633
1748,SEO Doctor,Check your shop for SEO related issues that need fixing for higher page ranking in search results. High ranking = more traffic,https://s3.amazonaws.com/integrated-apps/xhogrpjb/kwzqepcf.png,1846
3826,Alibaba.com Wholesale,1. No inventory requirements\n2. Low Minimum Order Quantity\n3. Selected products &amp; suppliers\n4. Fast shipping\n5. Buyer protection,https://s3.amazonaws.com/integrated-apps/akhfwquc/cphsinlu.png,2200
2060,inkFrog Open,List and sync your Bigcommerce products to eBay in minutes. The most robust eBay app on the market.,https://s3.amazonaws.com/integrated-apps/udbhpzex/ribtmxdk.jpg,2246
1289,ShippingEasy,"Easy label printing, automated tracking, lowest USPS rates- or plug in your FedEx/UPS account. FREE plan, no per label fee. Best service.",https://s3.amazonaws.com/integrated-apps/mxjqhlzb/uletwfhg.png,2330
4869,ShipperHQ,"No matter what you sell, ShipperHQ lets you control every aspect of the shipping rates and options you offer your customers.",https://s3.amazonaws.com/integrated-apps/whylktmb/ujxcwhei.png,2334
2369,Loyalty Reward Points by Sweet Tooth,Sweet Tooth allows you to quickly set up and run your own points-based loyalty program.,https://s3.amazonaws.com/integrated-apps/mpkcayqs/dctqlkvz.png,2670
6834,Google Shopping,"With Google Shopping, put your product images, price, and business name right in front of people searching on Google.",https://s3.amazonaws.com/integrated-apps/fwbegoxc/stxgqare.png,3005
6824,MailChimp,"Connect your BigCommerce store with MailChimp to create targeted campaigns, win back inactive customers &amp; automate helpful follow-ups.",https://s3.amazonaws.com/integrated-apps/vsaeodxl/evicalqh.png,3193
96,ShipStation,ShipStation helps you save time &amp; money by creating shipping labels from wherever you sell for however you ship. Free USPS Postage account!,https://s3.amazonaws.com/integrated-apps/btcqmlxy/kqgdlfeb.png,3762
58,AfterShip,"Shipment tracking and send delivery updates. Support tracking of UPS, FedEx, USPS, DHL and 320+ carriers.",https://s3.amazonaws.com/integrated-apps/udzvlcpo/gceixtph.png,3899
70,Justuno,"Suite of ecommerce tools designed to convert traffic into sales, email subscribers and social fans. Use in minutes and grow your business!",https://s3.amazonaws.com/integrated-apps/tpcrjswn/auznktco.png,4561
23,Yotpo Reviews,Generate tons of reviews and use them to drive qualified traffic and more sales for your store.,https://s3.amazonaws.com/integrated-apps/kdgrvacj/kavyslth.jpg,5248
109,QuickBooks Online,"Automatically sync products, customers, orders &amp; payments between Bigcommerce and QuickBooks Online in one setup!",https://s3.amazonaws.com/integrated-apps/gmhfbzul/bfnkjxls.png,6189